Jabbersphere,37642394,58323268,Steel/Iron Ore,1995
Einti,70506506,4134583,n/a,2010
Browsezoom,64030912,15117860,Major Banks,2007
Realpoint,62214309,74398314,n/a,2004
Jaxspan,24502968,46133189,Oil & Gas Production,2010
Yakidoo,61968807,7816562,Computer Software: Prepackaged Software,1991
Riffpath,93266022,56546890,Consumer Electronics/Appliances,2001
Eadel,26959034,78128542,Beverages (Production/Distribution),2010
Demizz,61572133,66144058,Air Freight/Delivery Services,2012
Eabox,37474283,34347457,Marine Transportation,2008
Voonder,82968312,28119408,Computer Software: Prepackaged Software,2010
Brightdog,23788697,83448806,n/a,2003
Yambee,81051965,96208907,Major Banks,2002
Nlounge,76325514,85885834,n/a,2006
Minyx,53230014,46996651,Major Pharmaceuticals,1990
Skyble,64339290,7701914,Real Estate Investment Trusts,1993
Blogpad,15277831,10269221,n/a,1995
Bubblemix,37013061,21049412,Medical/Nursing Services,1991
Zoombeat,42629419,49233337,Specialty Insurers,2006
Devpulse,53632707,31608865,Diversified Commercial Services,1985
Minyx,56496308,59523881,Major Banks,2009
Skippad,89028522,93510427,n/a,2013
Oyoyo,86468771,57206466,Major Banks,1991
Shuffletag,90635820,21575942,Other Consumer Services,2007
Layo,66025563,78255565,Business Services,2002
Oyondu,18603872,13694907,Building Materials,1989
Meeveo,95077093,63336820,n/a,1997
Flashset,64684251,48019440,Real Estate,1992
Yadel,29423036,95246384,n/a,1999
Dynabox,21659836,66952354,Major Chemicals,1994
Flipopia,66562384,6638769,Railroads,1998
Dabtype,79780838,78007913,Specialty Chemicals,2000
Realcube,7194386,57966232,Transportation Services,2003
Flipopia,89152539,1971917,n/a,2001
Agimba,21436612,62067930,Major Banks,1995
Gabtype,15646197,75952450,Life Insurance,2006
Oyondu,7080272,55509615,Biotechnology: Commercial Physical & Biological Resarch,1994
Skibox,68287517,39682779,n/a,1996
Quire,22734970,51672242,n/a,2001
Blognation,68039518,3738922,Oil & Gas Production,2010
Zoombox,8260750,5623639,Medical Specialities,2003
Quinu,87007254,81411917,Major Banks,1991
Mymm,95386997,62601131,Medical/Dental Instruments,2003
Skyba,66756153,52628530,Clothing/Shoe/Accessory Stores,2011
Oodoo,65559366,73766402,Major Banks,1999
Wikibox,26669747,82734982,EDP Services,2009
Flashset,57975550,76629369,Business Services,2007
Linkbridge,91127628,70568966,n/a,2006
Babbleset,277393,33940681,Biotechnology: Commercial Physical & Biological Resarch,2011
Kwideo,80422520,36896451,n/a,2012
Yoveo,26136949,85556525,Investment Bankers/Brokers/Service,1995
Layo,97414626,11558137,Industrial Machinery/Components,2003
Kazio,94945101,34906726,Advertising,1986
Jaxbean,71503440,37857875,Major Banks,2000
Kwinu,30065729,40019678,Farming/Seeds/Milling,1992
Eazzy,85928078,48421695,Commercial Banks,2001
Midel,73245641,81045576,Mining & Quarrying of Nonmetallic Minerals (No Fuels),2009
Dynava,95720709,29511001,Property-Casualty Insurers,2012
Skimia,96625874,15600667,n/a,1997
Skaboo,32829690,73773038,n/a,1991
Kazio,43921350,5191912,Property-Casualty Insurers,1991
Tekfly,84738526,78159200,Automotive Aftermarket,2009
Dynava,61264649,25192518,n/a,2009
Photobean,95437024,76969599,Medical Specialities,2002
Dynazzy,47376797,5336398,n/a,2003
Avaveo,21867077,952413,Medical/Dental Instruments,1996
Flipstorm,4221195,5027196,Oil Refining/Marketing,1992
Minyx,5378672,41915163,n/a,2005
Avamm,49860166,66964019,n/a,2011
Trunyx,95705454,68212745,n/a,1997
Eayo,28196591,26973224,"Computer Software: Programming, Data Processing",2004
Fivebridge,74891136,55215731,Major Pharmaceuticals,2012
Feednation,24976018,17778441,Paper,2007
Thoughtstorm,68045084,16257957,n/a,2006
Dablist,94504636,57779381,Finance/Investors Services,1996
Mita,27144717,67014533,Miscellaneous manufacturing industries,2008
Zoonoodle,50282966,79772106,Major Pharmaceuticals,2006
Muxo,750233,98755635,Major Pharmaceuticals,1992
Rhybox,54202515,20315287,n/a,2011
Gabcube,87233822,46310982,Computer Software: Prepackaged Software,2000
Livetube,65992685,44679199,EDP Services,1984
Shuffletag,50713122,20239926,"Computer Software: Programming, Data Processing",1994
Centimia,56442156,15800897,Diversified Commercial Services,1993
Skyndu,44960349,87458139,n/a,2006
Aimbu,21940486,49928733,Hospital/Nursing Management,2006
Tagopia,23834496,8130154,Publishing,2002
Skipstorm,19213845,66886586,Major Banks,2010
Linklinks,23676776,3698885,EDP Services,2001
Zoozzy,33013365,85581559,Real Estate,1996
Gigashots,30284698,53161484,Major Banks,2005
Plajo,60905187,62055179,Power Generation,2011
Nlounge,27831555,31581435,Real Estate Investment Trusts,2012
Skipfire,29729521,36957677,n/a,2004
Oyoloo,52177329,90025063,Other Consumer Services,2006
Topicware,81909950,74579982,n/a,1993
Mydo,2036580,69603070,Automotive Aftermarket,1994
Jetwire,34603446,20414232,Building Products,2003
Twitterworks,38858674,53983735,Automotive Aftermarket,2001
Roodel,57803926,64789399,Major Banks,1988
Realfire,82551526,80913795,n/a,1991
Browsebug,62947443,82587496,Business Services,2003
Brainverse,12650670,57295197,n/a,2007
BlogXS,74083887,84399302,Food Chains,1991
Riffpedia,75760541,38008986,Aluminum,2011
Dynava,19410137,30887456,Radio And Television Broadcasting And Communications Equipment,1997
Centizu,50681016,57500488,n/a,1994
Yamia,29807326,53459444,Real Estate Investment Trusts,2012
Lajo,78984178,56565796,Electrical Products,1989
Skinte,50066723,74846417,Business Services,2011
Feedmix,88379702,70980818,n/a,2010
Devpoint,87122544,30791422,Automotive Aftermarket,1985
Reallinks,9455070,50545662,Oil & Gas Production,2009
Twimm,17041226,55626524,Precious Metals,2011
Youopia,71775092,94989529,Industrial Machinery/Components,2001
Pixope,38264063,42527097,n/a,2009
Dynabox,43982524,7782017,n/a,1992
Mydeo,5602612,73263297,Military/Government/Technical,2000
Vidoo,36966415,38328720,Industrial Machinery/Components,1985
Meembee,71901433,54577257,Industrial Machinery/Components,1982
Npath,19242617,53645166,Marine Transportation,1992
Ntag,17681637,89390563,Investment Bankers/Brokers/Service,2010
Yambee,90088866,37087074,Food Chains,2011
Mita,90732264,24311588,Savings Institutions,1997
Bubblebox,93914163,81585251,Oil & Gas Production,1984
Cogilith,63475347,49536017,Power Generation,2012
Fivespan,93041097,79580335,n/a,2000
Jamia,28318891,10674831,Military/Government/Technical,1997
Meeveo,11620864,9121934,Real Estate,2007
Jabbertype,86224093,76271982,Television Services,1996
Wordify,37849875,94558785,Major Banks,1999
Shufflebeat,95821034,96325306,Major Pharmaceuticals,1985
Trudeo,69823418,36118934,Movies/Entertainment,1997
Voomm,81541986,32965934,Semiconductors,1990
Zoonoodle,68828616,12658367,Building operators,2006
Centizu,80950034,36475182,Specialty Insurers,2001
Kare,25941391,71756975,Major Pharmaceuticals,1999
Jaxnation,3435180,25144143,n/a,2012
Jayo,1969662,61695506,RETAIL: Building Materials,2008
Meevee,22980562,25659617,Packaged Foods,1997
Yozio,58855093,12881581,Biotechnology: Commercial Physical & Biological Resarch,2007
Yabox,89965378,38780709,Major Banks,2007
Mydo,42858313,30615091,n/a,1999
Babblestorm,44896703,38321353,Savings Institutions,2010
Buzzster,45628509,22105955,n/a,1998
Youbridge,81656910,10996072,Professional Services,2000
Fadeo,32186795,88194616,Telecommunications Equipment,1998
Realpoint,22115147,72603711,n/a,1991
Layo,67456922,70151336,Computer Software: Prepackaged Software,2011
Yodel,35458078,60140942,"Computer Software: Programming, Data Processing",2010
Blogspan,80372900,50399914,Major Pharmaceuticals,2002
Kimia,37549133,69617694,Property-Casualty Insurers,2002
Edgetag,79932091,71640252,Business Services,2012
Oloo,36148807,91867543,Home Furnishings,2007
Oyoba,22946521,58222636,Natural Gas Distribution,2000
Jazzy,17180172,1572968,Medical Specialities,1993
Blogpad,62764729,4962348,Other Specialty Stores,2005
Oodoo,94897694,68107620,n/a,1987
Avaveo,27827655,38361243,n/a,2009
Aibox,87991756,45827198,Property-Casualty Insurers,2012
Gigabox,89366226,72816866,Property-Casualty Insurers,1993
Kazio,53300190,45284300,Oil & Gas Production,2006
Dazzlesphere,4397305,81140460,Meat/Poultry/Fish,1996
Voonyx,25337065,31069973,Real Estate Investment Trusts,1996
Lazzy,39030866,5051996,Real Estate Investment Trusts,2013
Katz,30272865,17688703,Auto Parts:O.E.M.,1993
Tagtune,89352750,74793131,Clothing/Shoe/Accessory Stores,2007
Linklinks,9199241,5030390,Accident &Health Insurance,2012
Tagcat,86451082,4648102,Restaurants,1999
Jazzy,58309962,51510498,n/a,2010
Tagopia,89998306,43175065,Major Banks,2007
Oyoyo,63157257,50576635,Medical/Nursing Services,1999
Wikizz,90026999,79847700,n/a,1992
Jabberbean,70397285,48733801,Biotechnology: Biological Products (No Diagnostic Substances),2012
Zoonder,93214555,24001283,n/a,2006
Jetpulse,60465300,11775278,Industrial Machinery/Components,2005
Realblab,87963050,43400728,n/a,1992
Mudo,64467925,35548132,n/a,1997
Jabbersphere,76140248,10261315,Major Pharmaceuticals,1997
Chatterbridge,62608073,37322582,Other Consumer Services,2008
Zoomcast,1800126,62075262,n/a,2011
Viva,78761674,71689590,n/a,2001
Myworks,61021397,31599661,n/a,2004
Aibox,80943295,3330441,Major Banks,1993
Linklinks,84436296,39399274,Computer Software: Prepackaged Software,2008
Devbug,91245868,98563752,Major Chemicals,1989
Blogtag,54353381,58631726,n/a,2009
Edgeblab,99185641,43784405,n/a,2004
Zoomzone,66640557,11784998,Telecommunications Equipment,2009
Jabbersphere,92458170,53686363,n/a,2008
Thoughtstorm,40138892,17316312,n/a,1987
Mynte,74525711,3367121,n/a,2005
Blogpad,40567294,33666380,Major Pharmaceuticals,2000
Twitterbeat,9506483,831806,Military/Government/Technical,1997
Gabcube,46851437,7235167,Major Banks,1991
Skiptube,9579840,21845641,Computer Software: Prepackaged Software,2005
Twitterbeat,55184846,15315235,n/a,1997
Katz,24580790,75235812,n/a,1997
Yakitri,72527611,62586854,Medical/Dental Instruments,2009
BlogXS,15833634,82360053,Computer peripheral equipment,1996
Blogtags,58553142,37278499,Professional Services,1992
Devshare,70527548,5843199,Real Estate,1999
Rhynoodle,30619124,72602346,n/a,2012
Brainsphere,83430925,78471962,Real Estate Investment Trusts,2000
Fatz,830478,33625988,Industrial Machinery/Components,2012
Skinte,29858413,69484854,Major Pharmaceuticals,2006
Oyope,1781275,51455221,Oil Refining/Marketing,1999
Devbug,74204485,48834888,n/a,2008
Topiczoom,42994734,66013355,Other Consumer Services,2011
Aimbu,11749483,11266471,Major Chemicals,1999
Abatz,16461528,24966850,Other Consumer Services,2007
Vimbo,54819119,57149635,"Computer Software: Programming, Data Processing",2012
Dynazzy,77241023,54898170,Radio And Television Broadcasting And Communications Equipment,1986
JumpXS,89208786,83975599,Industrial Machinery/Components,1985
Kwideo,31981931,75090627,Electric Utilities: Central,2007
Twitterworks,5930176,16095297,Containers/Packaging,1991
Vipe,36420231,47121033,Real Estate Investment Trusts,1989
Jabberbean,85550700,81930566,n/a,2004
Eamia,65012495,92083668,EDP Services,1987
Wordware,32265700,60861688,EDP Services,1993
Quimba,98471452,37319389,Biotechnology: Electromedical & Electrotherapeutic Apparatus,1990
Jaxspan,59476567,36726108,Wholesale Distributors,1993
Wikizz,24176486,6580352,n/a,2001
Zooxo,29239454,22335717,Auto Parts:O.E.M.,1984
Avaveo,65436378,19071965,n/a,1996
Feedfire,47324638,29958829,Telecommunications Equipment,2000
Tanoodle,21140477,69018178,Electrical Products,2010
Devify,29862072,89830852,Hospital/Nursing Management,2010
Pixonyx,3737729,6529583,Biotechnology: In Vitro & In Vivo Diagnostic Substances,1995
Devcast,61166368,66078937,Industrial Machinery/Components,2005
Rhynyx,929704,17831669,Air Freight/Delivery Services,2005
Quimba,88371,3993180,Homebuilding,2006
Twitterbridge,94530587,68232581,n/a,1991
Trilith,12465906,9330195,Major Pharmaceuticals,2007
Jabbersphere,9000060,8635788,Department/Specialty Retail Stores,2011
Voonte,78704588,72649017,Major Banks,2003
Pixonyx,37490230,97684662,n/a,2009
Youopia,58204606,5707611,n/a,2007
Gigaclub,98724703,43562220,n/a,2007
Yakijo,71175984,86572018,Home Furnishings,2006
Mydeo,50541930,41374078,Industrial Machinery/Components,1983
Livetube,491341,31756946,Homebuilding,2001
Skipstorm,57066797,33745836,Other Consumer Services,1985
Realcube,40396591,27730316,"Computer Software: Programming, Data Processing",1985
Bubbletube,3384638,58896230,Property-Casualty Insurers,1988
Oozz,22330237,60158094,n/a,2009
Youtags,73802328,94106019,Major Banks,2008
Brainsphere,14262160,19269918,Other Consumer Services,1997
Vinte,42621280,86968113,"Computer Software: Programming, Data Processing",1995
Jaxspan,84099255,12332577,Savings Institutions,2003
Edgepulse,35136085,22685667,Major Banks,1998
Eabox,25578816,65585637,Precious Metals,1992
Skiba,59120970,48660004,EDP Services,1968
Topdrive,89658015,75091062,n/a,2005
Gabtype,99605196,43536197,Oil & Gas Production,2002
Myworks,23137289,31723286,n/a,2010
Topicshots,91546748,39561297,Major Banks,1989
Yombu,37454164,96100849,Major Banks,2006
Divape,66795098,6753694,Property-Casualty Insurers,2004
Fanoodle,80547066,42091073,Diversified Commercial Services,2005
Gabtype,87934755,82496708,n/a,1993
Yakitri,90777079,26171562,Investment Managers,1986
Edgeify,35791309,117008,n/a,1998
Trilia,61153396,52730400,Transportation Services,2009
Skibox,52066698,18459192,Finance: Consumer Services,2004
Bluezoom,4846887,60650781,Medical/Dental Instruments,2003
Topicstorm,43339432,43285492,n/a,1998
Twinder,86586993,53443702,Major Banks,2010
Brainlounge,1044499,45544738,Electric Utilities: Central,1997
Skinix,81680364,98533725,Computer Software: Prepackaged Software,1996
Brainbox,3403266,1081048,Computer Software: Prepackaged Software,2002
Wikizz,75397851,91350549,n/a,2000
Avavee,2976016,30341999,n/a,1999
Voolia,87032908,44498128,Package Goods/Cosmetics,2009
Thoughtblab,62392437,24218379,Major Banks,2011
Brightdog,25125751,65607169,Telecommunications Equipment,2005
Wordpedia,29287928,6001034,n/a,1987
Reallinks,64243015,47998933,Real Estate Investment Trusts,1998
Tekfly,6500255,68471060,Computer Software: Prepackaged Software,2005
Zoovu,57685045,93783117,Computer Software: Prepackaged Software,2000
Kaymbo,82815530,21867101,EDP Services,2009
Skivee,31456303,15657317,Professional Services,2006
Thoughtblab,7456605,17999983,Beverages (Production/Distribution),1999
Devpulse,15053924,82913142,Diversified Commercial Services,1988
Tavu,17801328,28192329,Other Consumer Services,1987
Podcat,15940428,10224269,Real Estate,1984
Skyba,19061109,27773368,Major Banks,1963
Devbug,63812952,40056933,Auto Manufacturing,2011
Blogtag,83991472,35881703,Other Consumer Services,2008
Eamia,4645842,46312816,Military/Government/Technical,2006
Skynoodle,65615759,84108420,n/a,2005
Wikivu,33393077,52263405,Natural Gas Distribution,2001
Innojam,9756694,51448215,n/a,2003
Zooxo,6356450,45127278,n/a,2010
Photobean,23780323,96520718,Clothing/Shoe/Accessory Stores,1988
Voonder,6622123,86314755,Electronic Components,1999
LiveZ,34001432,90314019,Telecommunications Equipment,1988
Omba,8963659,50282777,Industrial Machinery/Components,2005
Photobean,42808019,90643464,Major Pharmaceuticals,1998
Edgeclub,94008968,66839037,n/a,2002
Meembee,36185680,61302992,Oil & Gas Production,2000
Youtags,6891816,24611182,Computer Software: Prepackaged Software,1992
Thoughtworks,72837064,84748073,Telecommunications Equipment,1994
Tazzy,5790789,29926085,Industrial Machinery/Components,2003
Brainverse,11210346,26852220,Semiconductors,1999
Kimia,47356477,73037198,Finance Companies,1996
Flipstorm,1327884,75849469,Computer peripheral equipment,2004
Izio,73459805,67793517,Real Estate Investment Trusts,1991
Dynabox,70247359,87380977,Oil & Gas Production,1991
Miboo,71582034,7859030,Food Distributors,2012
Jaxworks,55459809,24418427,Hospital/Nursing Management,2010
Bubblebox,36151131,52371288,Containers/Packaging,2011
Skyvu,85058883,52638576,Electrical Products,2002
Yamia,89969408,32432360,Industrial Machinery/Components,2006
Camido,37000491,91895723,Auto Manufacturing,1997
Dabtype,10976253,82812957,Pollution Control Equipment,2002
Meembee,90669455,37416996,Department/Specialty Retail Stores,2010
Twitterbridge,15704552,86351106,Marine Transportation,1999
Topiczoom,25440991,92915295,Beverages (Production/Distribution),1987
Divape,7517223,5424829,Consumer Specialties,1998
Jaxspan,31137093,22528449,Major Pharmaceuticals,1996
Yabox,9551186,55966983,Major Banks,1992
LiveZ,21324623,21922939,Environmental Services,1992
Zoovu,5592605,50399806,Major Pharmaceuticals,1984
Devshare,84250672,49363151,Home Furnishings,2000
Pixope,13745588,19813876,Property-Casualty Insurers,2005
Oyondu,83666313,54623695,Automotive Aftermarket,2005
Blogpad,86327664,75130678,n/a,1987
Voonder,26815014,54899015,Finance: Consumer Services,2011
Buzzbean,772813,77874172,n/a,2009
Bubblemix,13107870,23362250,n/a,2001
Dynazzy,3968882,13215429,Real Estate Investment Trusts,1987
Yambee,18245731,69451843,n/a,1992
Mydo,43052903,35152608,Radio And Television Broadcasting And Communications Equipment,1998
Mynte,43697372,52734847,Real Estate Investment Trusts,2011
Browsebug,75685115,89323945,Specialty Chemicals,2006
Eamia,87980530,40937696,n/a,1997
Centimia,52333287,52709586,Real Estate Investment Trusts,2000
Twinte,85924164,51788352,Paper,2006
Divavu,2476492,57105419,n/a,1989
Topicstorm,88651748,9426330,Major Banks,2003
Zoomcast,89727298,9040818,Biotechnology: Electromedical & Electrotherapeutic Apparatus,1993
Babbleblab,68818423,77828603,n/a,2009
Jetwire,51009779,72136498,Semiconductors,2009
Jatri,49260222,4261826,Hotels/Resorts,2010
Dabfeed,45743437,62945588,Precious Metals,1992
Realbuzz,79347999,15525714,Computer Software: Prepackaged Software,2003
Skinder,61739062,9904489,Real Estate Investment Trusts,2006
Livepath,8915473,2094233,Oil & Gas Production,2002
Oyoyo,80580104,55162915,Packaged Foods,2005
Skipfire,63437361,44881977,n/a,2012
Jatri,29592116,66909721,Restaurants,2001
Mynte,27152248,60051764,n/a,2005
Vinte,14725921,31029868,Services-Misc. Amusement & Recreation,2008
Skinix,54752592,48157179,Metal Fabrications,1994
Trunyx,11851130,95852808,Finance: Consumer Services,1997
Babbleblab,57034082,74331696,n/a,2001
Divavu,29305921,20015173,n/a,1989
Oyope,28514317,12202301,Other Specialty Stores,1998
Photospace,4345788,99971619,Major Chemicals,1993
Snaptags,9778638,60944171,Investment Managers,2004
Jetpulse,43381094,21965192,Major Banks,2007
Chatterpoint,74111208,89401745,Coal Mining,2009
Buzzster,74330947,59866902,Major Pharmaceuticals,1991
Skilith,35182347,53211478,Publishing,2005
Skalith,16851521,69627672,Investment Bankers/Brokers/Service,2008
Tambee,50346560,32843158,Oilfield Services/Equipment,2005
Flipbug,5249255,76420945,Marine Transportation,1998
Twitterbeat,37153103,30152860,Biotechnology: Biological Products (No Diagnostic Substances),1966
Zoozzy,17983448,76548717,Medical/Dental Instruments,1996
Mydeo,7367035,32548632,n/a,2008
Zoombeat,17690928,8333152,Property-Casualty Insurers,2007
Realcube,63551709,49400062,Major Pharmaceuticals,2002
Livetube,64436144,92082748,n/a,2006
Topicware,60300638,46766873,Oil & Gas Production,2000
Geba,97276508,74805206,n/a,1990
Kazu,35490629,165379,Department/Specialty Retail Stores,2006
Yozio,55367173,80918265,Major Pharmaceuticals,1995
Brainlounge,79658206,2008692,Medical/Dental Instruments,2008
Trunyx,63072316,87049168,Textiles,2006
Youspan,50846433,95135774,Oil & Gas Production,1999
Demivee,93861815,20244154,Electric Utilities: Central,1997
Flashdog,20150508,5319213,Telecommunications Equipment,1997
Buzzshare,34657404,31605902,Real Estate,1994
Demizz,15062193,35676584,Major Banks,1997
Oyope,79717885,24393410,EDP Services,1998
Skyba,34221369,10687125,Medical Specialities,1961
Fatz,92679674,9755858,Rental/Leasing Companies,1994
Dabjam,84957277,56488283,Real Estate Investment Trusts,2008
Avaveo,24054246,89804826,Computer Software: Prepackaged Software,2002
InnoZ,73544835,77755692,Automotive Aftermarket,2000
Trudoo,50637464,24046027,EDP Services,1992
Skalith,99117288,1622684,Semiconductors,1998
Livefish,12040464,64882804,Real Estate,1999
Skidoo,54379069,66198950,Commercial Banks,1993
Topicblab,40775347,63077348,Medical Specialities,2004
Skyvu,80539827,39383153,Major Banks,1992
Chatterpoint,47074236,85988388,Property-Casualty Insurers,2001
Voonix,85278553,49228748,Savings Institutions,1997
Meejo,32313935,21762520,Business Services,2012
Thoughtbeat,41980522,78610963,EDP Services,2007
Trupe,81367395,17078853,Diversified Commercial Services,2009
Twitterwire,24079552,21779095,Semiconductors,1993
Quimm,95110851,4825101,Computer Software: Prepackaged Software,1995
Dabfeed,69575019,84776338,Marine Transportation,2000
Leexo,31062856,6712394,Real Estate Investment Trusts,1996
Demizz,70033569,36186222,"Computer Software: Programming, Data Processing",2013
Skinder,30081572,47297390,Home Furnishings,1986
Tavu,3671653,60676005,n/a,1985
Fadeo,77222133,22783498,EDP Services,2003
Jatri,21538929,63658077,Major Banks,1986
Dynava,68245850,68743592,Major Pharmaceuticals,1991
Livefish,77477881,29334874,n/a,2002
Katz,3231331,77925654,n/a,1983
Dabfeed,96000022,55016027,Marine Transportation,2008
Pixope,28267906,71439743,Home Furnishings,2008
Blogspan,63167303,56211878,Biotechnology: In Vitro & In Vivo Diagnostic Substances,2005
Quaxo,55810264,42219920,Consumer Electronics/Appliances,1999
Buzzster,79915290,94294503,n/a,2009
Jamia,71575787,79123525,Finance Companies,2008
Feedspan,88279920,13537334,Computer Software: Prepackaged Software,2001
Feedbug,7092489,26013568,Major Pharmaceuticals,1998
Meembee,65246510,86420635,n/a,2006
Cogibox,24493593,20157783,n/a,1968
Jazzy,19686121,78287684,Industrial Machinery/Components,2010
Wikibox,86830181,71198350,n/a,1996
Chatterbridge,34282827,11411927,n/a,2004
Mybuzz,63286837,38909540,Finance: Consumer Services,1998
Devbug,52974934,50273005,Consumer Specialties,1985
Brightbean,96821439,99094139,EDP Services,1995
Skalith,58782492,15039887,n/a,2009
Blognation,5178324,21774347,Major Pharmaceuticals,1989
Meedoo,78866453,68473585,n/a,2008
Flashpoint,13097095,47262390,n/a,2001
Brainlounge,53435698,88895011,Auto Parts:O.E.M.,2001
Twimm,39221398,1538373,Electric Utilities: Central,1994
Thoughtmix,87120455,64336195,Semiconductors,1993
Buzzshare,93803468,81203044,Business Services,2012
Twinte,48327243,57625253,Biotechnology: Biological Products (No Diagnostic Substances),2005
Skaboo,45727392,32123320,Electronics Distribution,1985
Skyndu,67907336,61036219,Apparel,2003
Rhybox,99121534,58222516,Business Services,1996
Kwilith,95592092,12781808,n/a,2004
Feedbug,38850867,33407279,Computer Software: Prepackaged Software,2003
Babbleset,68598745,29831876,Medical/Dental Instruments,2001
Wordify,24159183,37626324,Major Chemicals,1990
Kwinu,11870464,41743948,Industrial Machinery/Components,2011
Zoomcast,48522909,88575599,Semiconductors,2010
Skippad,93962265,95033615,Real Estate,1996
Rhyloo,63841739,80362516,n/a,2012
Skidoo,14423726,26045149,Semiconductors,1987
Pixonyx,18118616,6452214,Biotechnology: Laboratory Analytical Instruments,1993
Leexo,96400521,61570448,Specialty Chemicals,1988
Quatz,96848240,97807206,n/a,2011
Geba,99507329,13446347,Advertising,1992
Jayo,6239165,50164512,Real Estate Investment Trusts,1987
Flashspan,75767859,88331889,Major Pharmaceuticals,1993
Buzzbean,17631874,48974596,Property-Casualty Insurers,1990
Lajo,51309651,73764081,n/a,2010
Yacero,54366708,53822219,Major Banks,2011
Buzzdog,93961832,60343137,Containers/Packaging,1988
Gigaclub,51854168,58474636,Computer Software: Prepackaged Software,2006
Twitterbeat,41937666,2229891,Major Banks,2009
Dynazzy,71921065,54907419,n/a,1987
Skiptube,93566737,63847998,Property-Casualty Insurers,1995
Flashpoint,43207170,90994969,Military/Government/Technical,2001
Oyoyo,18123988,68660983,Natural Gas Distribution,2012
Realcube,24452837,89928060,Ordnance And Accessories,1991
Demizz,71464860,79781545,Agricultural Chemicals,2011
Podcat,83985722,45168081,Major Pharmaceuticals,1993
Voolith,72768598,27482778,Commercial Banks,1992
Jabberbean,48395424,30834722,Telecommunications Equipment,1988
Babblestorm,94985409,17947066,Agricultural Chemicals,2011
Jaxnation,97921765,48265116,n/a,1991
Yakitri,91906421,47467322,Building Materials,1987
Yabox,4855078,44750340,Major Chemicals,1987
InnoZ,87064878,77354798,Catalog/Specialty Distribution,2001
Skinder,67502777,64751673,Electric Utilities: Central,1999
Skipfire,92568377,94469819,Business Services,2012
Wordtune,52028873,64191189,Major Pharmaceuticals,1998
Innojam,17463683,96299319,Semiconductors,1988
Buzzdog,18487119,25641401,n/a,2010
Skipfire,87557942,53629449,Services-Misc. Amusement & Recreation,2008
Trunyx,40965277,8683307,Medical/Nursing Services,2000
Realcube,82478552,14405730,Catalog/Specialty Distribution,2003
Meemm,3361199,59283339,n/a,1989
Divape,46633564,36170851,n/a,2008
Flashspan,93015552,54192020,Oil & Gas Production,1994
Oyondu,24243706,8733270,Commercial Banks,2006
Chatterpoint,36188771,76582202,n/a,1999
Yombu,37366272,99696893,Natural Gas Distribution,2012
Camido,55366753,37741034,n/a,2003
Flashpoint,19769050,33766320,n/a,1985
Gigashots,38566686,76609023,Integrated oil Companies,2001
Zoombox,18179500,72969050,Business Services,1994
Eimbee,49373171,12965329,Industrial Machinery/Components,2004
Shuffletag,93142624,2773514,Business Services,2009
Oba,72377103,6774105,Major Chemicals,2005
Zooveo,33962711,28513637,Industrial Specialties,2010
Aibox,98047364,1740493,Major Banks,1990
Babbleset,10254257,75276135,n/a,2009
Viva,5023581,97035931,n/a,1993
Tagcat,61457885,72064203,n/a,1966
Pixonyx,2287993,67527913,n/a,1995
Meezzy,643876,22651936,Medical/Nursing Services,1991
Meejo,11238289,42733207,Industrial Machinery/Components,1999
Centizu,71222402,12189404,Major Banks,2001
Lazz,51961159,47219776,Biotechnology: In Vitro & In Vivo Diagnostic Substances,2007
Rhyzio,25344564,12455604,n/a,2008
Gevee,93640657,6280612,Investment Bankers/Brokers/Service,1988
Oloo,60866104,56952459,n/a,1965
Shufflebeat,7708365,90614655,Automotive Aftermarket,2008
Thoughtstorm,83346336,63696187,Oil & Gas Production,1999
Thoughtworks,52852255,35937111,Consumer Electronics/Appliances,2001
Linklinks,56439087,95829323,Oil & Gas Production,2011
Babbleopia,44108235,32814014,Oil & Gas Production,1993
Teklist,49866119,14040093,Finance: Consumer Services,1996
Quamba,80345304,8022587,Radio And Television Broadcasting And Communications Equipment,2006
Jabberstorm,48090386,90468536,Office Equipment/Supplies/Services,1999
Photospace,58851044,11390917,Forest Products,2005
Gigaclub,16185780,66544488,Marine Transportation,1999
Wikido,62138903,88856817,Railroads,1992
Wordpedia,31748523,28085286,Mining & Quarrying of Nonmetallic Minerals (No Fuels),2011
Feedspan,43150298,70322751,Major Pharmaceuticals,1966
Eabox,75274849,9899110,Beverages (Production/Distribution),2011
Brainsphere,53569963,4524859,Major Banks,2000
Gabtune,85107014,54496611,Major Pharmaceuticals,2006
Divavu,1571689,27020696,Multi-Sector Companies,2007
Thoughtsphere,96780752,94782764,Restaurants,2012
Avaveo,13241613,9909044,Clothing/Shoe/Accessory Stores,1995
Brainlounge,84660991,31965674,Property-Casualty Insurers,1995
Devbug,37327904,8464980,Savings Institutions,2004
Zoozzy,52517427,3799836,Power Generation,2009
Wikibox,98638385,66119230,Oil & Gas Production,2000
Zoonoodle,16992505,89536595,Department/Specialty Retail Stores,1994
Jabbercube,20796667,96138946,Finance/Investors Services,1987
Tazz,84780983,86875631,Life Insurance,1983
Bubblebox,32822625,76203484,n/a,1990
Voonix,81043590,85051289,n/a,2004
Gevee,99070155,54858535,Real Estate Investment Trusts,2008
Myworks,6261417,24015085,Major Banks,2008
Twitterlist,21552783,23207810,n/a,1999
Twinte,21672688,59969271,Industrial Specialties,1995
Realbuzz,82031062,18392886,Medical/Dental Instruments,2009
Fanoodle,14134219,51813029,Hospital/Nursing Management,2002
Brainlounge,33103410,26693533,Medical/Dental Instruments,2011
Twitterbeat,36440834,54458655,Marine Transportation,2006
Fivebridge,15074047,86609864,Real Estate,2009
Quinu,23282106,53420124,n/a,1995
Twimm,49336100,79698650,Real Estate Investment Trusts,1993
Gigashots,65517594,40415345,Semiconductors,2007
Dabjam,45355467,22605628,RETAIL: Building Materials,2006
Bubblebox,62005894,46983974,n/a,2004
Photospace,59999226,9528396,n/a,1998
Blogspan,98603764,33233688,Real Estate Investment Trusts,1994
Skinte,36350440,99339337,Industrial Machinery/Components,1993
Zoonoodle,10252048,34509100,Advertising,1992
Lajo,40667711,84861744,Business Services,2007
Meezzy,87492676,77674061,Major Pharmaceuticals,1997
Skimia,35454066,83229808,Electric Utilities: Central,1997
Thoughtstorm,99360895,93998059,Real Estate Investment Trusts,2002
Edgepulse,97764562,64693423,n/a,2002
Dabtype,2862720,52355734,Telecommunications Equipment,2010
Kare,54228498,34695798,Major Pharmaceuticals,1993
Thoughtworks,9893326,41438275,Medical/Nursing Services,2012
Skinte,91362882,62646642,Finance: Consumer Services,2007
Bluezoom,45180835,6891696,Semiconductors,2011
Gabvine,99439415,1947288,Business Services,2004
Vinte,86788429,15019701,Electrical Products,2008
Voomm,32253742,17781852,n/a,2007
Kwilith,51850022,72609482,n/a,1987
Twimbo,56990808,93036588,Major Pharmaceuticals,2001
Skiptube,12931183,10789729,n/a,2011
Browsezoom,6757554,59898624,Major Pharmaceuticals,1987
Babbleblab,33938587,74935606,n/a,1996
Jetpulse,53212465,68351086,n/a,2011
Thoughtbeat,54098145,17847005,n/a,1990
Tagtune,30897224,84343659,Savings Institutions,1989
Leenti,53201608,69682546,Major Pharmaceuticals,1997
Dabfeed,9856505,77964353,Investment Bankers/Brokers/Service,2008
Jabbercube,4159215,87153884,Commercial Banks,2003
Yakitri,12105449,27710791,n/a,2004
Muxo,11283998,1471910,n/a,2007
Rooxo,49389609,30173726,n/a,2002
Jabbersphere,64523859,53617502,Major Pharmaceuticals,2006
Zoombox,56045090,70475552,Major Banks,2012
Edgeclub,86983221,89501820,Finance: Consumer Services,1998
Gigabox,84369366,42843286,Natural Gas Distribution,1990
Eimbee,64178026,55570480,Savings Institutions,2004
Thoughtbeat,56118226,92631305,n/a,1987
Oyoloo,72874293,9521212,Metal Fabrications,2008
Topiczoom,10237689,15796551,n/a,1986
Mymm,22317156,50466431,Integrated oil Companies,1987
Eayo,37581666,29775177,Investment Bankers/Brokers/Service,1992
Flashdog,16126473,45087915,n/a,1990
Thoughtsphere,48752835,59157451,Trucking Freight/Courier Services,1992
Quatz,51495617,13761289,Major Banks,2012
Mydo,75620883,90455448,n/a,2008
Devpulse,16644060,51200726,Major Banks,1991
Yoveo,26778485,78801879,Electrical Products,2006
Eare,95926451,28667027,Major Pharmaceuticals,2012
Aibox,71868692,66562117,Electric Utilities: Central,2009
Jazzy,80954055,18349913,Real Estate Investment Trusts,1997
Katz,28423446,19534479,n/a,2003
Twimm,91996384,81825558,Hotels/Resorts,2002
Aimbu,76208365,62804780,Electric Utilities: Central,2002
Camido,91151188,96580125,Savings Institutions,1997
Gigaclub,38078028,91683405,Construction/Ag Equipment/Trucks,1996
Fiveclub,74969700,64243349,n/a,2001
Youtags,36013686,27540664,Railroads,1991
Voolith,44701652,72809175,Semiconductors,1992
Wikido,55163350,63983854,n/a,1998
Blogspan,48710861,95924843,Medical/Dental Instruments,1995
Riffpedia,85334030,29164112,Computer Manufacturing,1994
Eimbee,47893243,26296660,Real Estate Investment Trusts,2006
Yodo,58894699,90529171,Real Estate Investment Trusts,1994
Jabberbean,92282712,40279669,EDP Services,2006
Flashspan,70174575,57108408,Oil & Gas Production,2002
Innotype,95652586,90794523,n/a,2002
Teklist,40258042,18832636,Banks,1961
Innojam,1931633,63605536,n/a,2005
Edgeify,69102472,62689509,n/a,1995
Leexo,5228819,19492061,Hospital/Nursing Management,1996
Meemm,54740709,5919523,Computer Manufacturing,2010
Dabvine,51689238,97908361,Home Furnishings,1996
LiveZ,42352510,41222382,Life Insurance,2008
Skipstorm,45363578,62995696,Business Services,1984
Abata,42049808,46353317,n/a,2000
Twitterworks,31319720,91868282,n/a,2011
Ozu,37389738,33802288,Industrial Machinery/Components,2003
Devify,1599690,44527366,Major Banks,2004
Blogspan,14831666,7338432,n/a,2011
Gabtype,730239,45355985,Marine Transportation,2007
Blognation,44782473,79414110,Electric Utilities: Central,1988
Shuffletag,55814305,15075528,Semiconductors,2008
Oyoba,68504545,85678613,Consumer Electronics/Video Chains,2009
Reallinks,67753250,28792491,n/a,1998
InnoZ,8325261,82857943,Electric Utilities: Central,1970
Layo,73812902,40410296,Retail: Computer Software & Peripheral Equipment,1997
Livepath,8022088,32926707,Computer Software: Prepackaged Software,1985
Vinte,89409966,57650635,Telecommunications Equipment,2008
Eadel,70088623,6254105,Auto Manufacturing,2012
Dynabox,75706979,52415684,Oil & Gas Production,2011
Yacero,69897148,80740510,Finance/Investors Services,2005
Gigabox,67405221,62199839,Major Banks,2003
Dynava,45081609,27798304,n/a,1987
Muxo,4689781,43762061,Medical Specialities,1994
Dynabox,65830550,95039723,Precious Metals,1983
Skiba,5561350,92694866,Investment Managers,2011
Eazzy,75045771,67029491,Integrated oil Companies,2004
Latz,53959661,74488125,Major Banks,2010
Quatz,63785550,37995972,Investment Bankers/Brokers/Service,2008
Flipbug,78840204,20111107,Property-Casualty Insurers,1983
Edgeblab,12567433,99719577,Biotechnology: Electromedical & Electrotherapeutic Apparatus,1985
Cogilith,85400500,13563097,Professional Services,1997
Topicstorm,97912455,57709828,n/a,2001
Camimbo,30807779,83051212,Finance: Consumer Services,2005
Aibox,80007423,89807501,Savings Institutions,2001
Skynoodle,83917531,27047249,n/a,2002
Mydo,29036774,49127812,Television Services,2005
Trudoo,31914232,26033104,Metal Fabrications,2001
Topicware,15827738,26873678,Major Pharmaceuticals,2006
Shufflebeat,84138627,42681858,Biotechnology: Commercial Physical & Biological Resarch,2013
Trilith,5655069,75528425,n/a,1995
Zoomcast,6508629,5401169,Major Pharmaceuticals,1987
Pixonyx,79086898,91003774,Paper,2010
Thoughtsphere,34145629,85254161,n/a,2007
Dynazzy,423220,4434265,Savings Institutions,2010
Flashspan,45371230,16172285,n/a,2008
Jayo,41707020,46194124,Major Pharmaceuticals,1973
Mycat,12717839,11443866,Biotechnology: Electromedical & Electrotherapeutic Apparatus,1986
Twitterlist,3317046,10155317,Television Services,2005
Skidoo,51159904,46569189,n/a,1994
Devshare,61723135,51774397,Major Pharmaceuticals,2005
Eadel,98571842,33946888,n/a,2003
Dabfeed,16494315,56499131,Telecommunications Equipment,2010
Trudeo,96548535,95106348,n/a,2011
Mycat,93717386,29951868,Property-Casualty Insurers,1989
Skipstorm,84378756,36772026,Clothing/Shoe/Accessory Stores,1990
Brainverse,45304171,57305459,Major Pharmaceuticals,1995
Meezzy,56528701,85311259,Biotechnology: In Vitro & In Vivo Diagnostic Substances,2000
Skalith,4685862,59096331,Water Supply,1990
Rhyloo,78993354,18584863,n/a,1990
Realpoint,67716861,20718166,n/a,1994
Realcube,71540624,37758798,n/a,2012
Zoomzone,31578848,18259330,Major Banks,2010
Skinder,52004111,29926466,n/a,2010
Gabtune,8315392,69887032,Real Estate Investment Trusts,1996
Fanoodle,63245473,70009978,Major Banks,2007
Devpoint,51387682,94875533,n/a,1995
Eidel,83354139,90265636,Forest Products,1996
Aibox,16751626,26470514,Restaurants,2012
Talane,48627970,68863663,Computer Software: Prepackaged Software,1998
Quire,82871063,59735485,Computer Software: Prepackaged Software,2009
Linklinks,69858875,48983654,Steel/Iron Ore,2002
Thoughtsphere,92691007,84483513,Major Pharmaceuticals,1990
Tagcat,93785105,2035702,Major Banks,2011
Skalith,20807094,87526058,Industrial Machinery/Components,1994
Voolia,50986718,53061903,Oil & Gas Production,1999
Dynabox,87092703,56525749,Computer Communications Equipment,2011
Eidel,88210550,21243517,Movies/Entertainment,2002
Gigabox,40119401,56767787,Real Estate Investment Trusts,1991
Twimbo,5100867,74092708,EDP Services,1991
Shufflester,65875944,306269,n/a,1985
Midel,61535227,72549745,Military/Government/Technical,1999
Lajo,61305165,24813759,Semiconductors,2013
Reallinks,14495807,51992240,Other Consumer Services,2010
Pixope,27451460,57821522,EDP Services,2011
Trilia,8596861,26164332,Real Estate Investment Trusts,2011
Teklist,81432730,47944696,Railroads,2011
Twitterbeat,28579116,76117077,Television Services,2005
Dynazzy,8480683,39865316,Computer Software: Prepackaged Software,2006
Blogpad,4869734,22540252,n/a,2004
BlogXS,88752159,27631155,Hotels/Resorts,2008
Eire,11102591,55077717,Marine Transportation,2011
Skimia,51627871,23936358,n/a,2002
Eadel,29642127,39390830,Industrial Specialties,2009
Buzzbean,11934146,44969047,Natural Gas Distribution,1996
Youbridge,8008625,87261953,Finance: Consumer Services,2005
Youfeed,17888061,1460900,Major Pharmaceuticals,2006
Twitterlist,15651125,96124658,Medical Specialities,2006
Tagopia,18412854,19193162,Computer Software: Prepackaged Software,2009
Topiclounge,13018462,34911421,n/a,2010
Twinte,68414061,94899090,Major Banks,2011
Agivu,76926097,17508073,n/a,2007
Viva,39949267,54288696,Biotechnology: Biological Products (No Diagnostic Substances),1987
Quimba,88294021,50680871,Farming/Seeds/Milling,1997
Zoozzy,19748608,70531122,Computer Software: Prepackaged Software,1994
Brightbean,19024044,36665406,Telecommunications Equipment,2009
Gigazoom,90303401,56111053,Major Pharmaceuticals,2010
Viva,13130331,63484405,n/a,2009
Mydo,86296318,75314904,Finance: Consumer Services,2005
Mymm,35809775,197512,n/a,2008
Lazz,28742559,54691357,Oil & Gas Production,2013
Voonder,51090789,83617718,n/a,1987
Voonix,86469601,61623341,Major Pharmaceuticals,2005
Talane,45880910,15828489,n/a,1994
Brainsphere,41912870,46288897,Biotechnology: Biological Products (No Diagnostic Substances),1994
Skiba,58659142,3446823,Industrial Machinery/Components,2009
Fanoodle,7431617,61588004,Major Pharmaceuticals,1985
Flipstorm,1762507,39777112,n/a,1994
Lazz,1874629,1178498,n/a,2009
Jabberstorm,56743688,32643118,n/a,1969
Skaboo,62692854,85303122,Major Chemicals,2004
Edgewire,13942580,23945925,Miscellaneous manufacturing industries,1986
Geba,88881316,87277185,Industrial Machinery/Components,1993
Flipstorm,64051480,84196442,n/a,1998
Devshare,52158005,62505136,Major Pharmaceuticals,1996
Devpulse,31856055,6049425,Automotive Aftermarket,2000
Jaxnation,1179396,87324218,Business Services,2010
Kare,27060549,82180957,Other Consumer Services,1996
Zoombox,97869497,32108800,n/a,1992
Skyvu,52221620,85139480,n/a,2010
Pixoboo,97075091,52240189,Major Banks,2011
Leenti,16882417,57329317,Industrial Specialties,1997
Camimbo,89394872,7625460,n/a,2012
Flipstorm,13372556,6167508,n/a,1993
Wordpedia,27603384,3420508,Major Banks,2010
Vimbo,81267497,70482563,Air Freight/Delivery Services,1995
Quaxo,98736149,12874034,n/a,2006
Trudoo,3238127,18179137,Medical/Dental Instruments,2007
Rooxo,70352415,25481716,n/a,2001
Topdrive,58326183,83610852,n/a,1995
Flashspan,42687687,29483173,Commercial Banks,2005
Gigaclub,31679243,1988460,Marine Transportation,2004
Chatterbridge,72051598,65374013,Real Estate Investment Trusts,2004
Riffpath,36896634,78328404,Savings Institutions,1994
Zoomdog,45820321,98482080,n/a,1998
Mudo,22356168,58172512,Medical Specialities,2006
Abatz,62813187,20445139,Major Chemicals,2000
Devcast,83031096,13108000,Major Chemicals,1986
Dazzlesphere,45234155,79932130,n/a,2012
Aimbo,47206839,49628262,Department/Specialty Retail Stores,2004
Skinix,28045104,96701271,Major Pharmaceuticals,2005
Jayo,27642092,83472413,n/a,2002
Jabbersphere,61686198,4522003,n/a,1993
Divanoodle,71795218,93872823,Major Banks,1991
Browsezoom,94477212,9363504,Major Banks,2009
Browseblab,71166210,40042042,Real Estate Investment Trusts,2009
Wikizz,56421714,44850099,n/a,1970
Skippad,94128347,29112030,n/a,2007
Nlounge,35626299,92173627,n/a,2007
Dabshots,88813759,38297594,Real Estate Investment Trusts,1999
Quaxo,41734817,98422834,Containers/Packaging,2009
Feedbug,36376665,42285638,Apparel,2009
Devpoint,23559905,33932473,Real Estate Investment Trusts,1995
Jatri,76815671,25915669,Major Banks,1994
Wikivu,90230782,50518155,Steel/Iron Ore,2009
Yamia,31283739,5893733,Water Supply,2009
Skyndu,70348306,1584793,Electric Utilities: Central,2008
Lajo,59815213,3354901,Life Insurance,1998
Blogtags,33410509,25811506,Services-Misc. Amusement & Recreation,2000
Oyondu,94664178,51671466,Biotechnology: Biological Products (No Diagnostic Substances),1999
Skyble,37672030,62369734,n/a,2011
Realblab,42492067,62731464,Natural Gas Distribution,2009
Twitterbeat,62180984,93965443,Automotive Aftermarket,1980
Trunyx,8767529,93714143,n/a,1996
Eayo,63404014,68890193,Real Estate Investment Trusts,1992
Meembee,32069149,89991530,Major Pharmaceuticals,1985
Quimba,16548159,98303473,n/a,2007
Tagfeed,26749103,78716972,Real Estate Investment Trusts,2001
Browsecat,36811382,84259068,n/a,2006
Twitternation,79600919,59470091,Computer Software: Prepackaged Software,2007
Twitterworks,15173188,77189343,n/a,2011
Mudo,65455216,86495400,Farming/Seeds/Milling,1998
Livefish,73558459,17245292,Transportation Services,2008
Edgeify,87693397,45307092,n/a,2006
Abata,8101171,92906899,Biotechnology: Biological Products (No Diagnostic Substances),2000
Dabfeed,70343882,39158025,n/a,1990
Twitterbeat,17958394,55650282,Major Banks,1999
Lajo,41738485,37151042,Multi-Sector Companies,1987
Rhynoodle,76518830,75991080,Computer peripheral equipment,2008
Voonyx,49640941,36423382,n/a,2001
Jabberstorm,31603827,53243158,Oil & Gas Production,2005
Gabvine,51543924,75888378,Accident &Health Insurance,1967
Oba,18514138,90635004,Real Estate Investment Trusts,2001
Trudeo,31953738,58612432,Major Banks,2005
Yodoo,98862593,31074498,Major Banks,1985
Twitterbeat,11352961,61359593,Oil & Gas Production,2007
Babbleopia,33233281,48365486,EDP Services,2008
Devify,18175497,42157708,Major Banks,2007
Voomm,57299334,20331182,Hotels/Resorts,2010
Zooxo,89749860,21606527,n/a,1990
Janyx,49735562,94163175,n/a,2000
Fadeo,97837711,68620626,Coal Mining,2010
Realbuzz,56946835,74059819,Electric Utilities: Central,2008
Dynabox,58150743,9598647,Medical Specialities,2001
Zoombeat,21038168,2005731,Beverages (Production/Distribution),1997
Thoughtbeat,46427516,95668994,Plastic Products,1993
Jamia,17253590,50919626,Television Services,2000
Jazzy,84424756,34225266,Medical/Dental Instruments,2007
Camimbo,79748482,9814619,Specialty Insurers,2002
Brainsphere,40427558,18499734,n/a,2002
Brightbean,41006957,68225920,n/a,2006
Skipstorm,4722685,23104713,n/a,1992
Leexo,8555944,34408772,Major Banks,2012
Voomm,48402842,32941707,n/a,2004
Trudeo,39027910,10204750,Hotels/Resorts,1993
Gigaclub,13244252,24439428,n/a,2013
Centidel,71719586,14821281,n/a,1999
Skilith,17188225,78305880,n/a,2003
Kaymbo,98022701,41784166,Oil & Gas Production,2002
Demivee,58675248,41643213,Aluminum,1992
Muxo,38189889,16742410,Savings Institutions,1995
Fliptune,3082845,6594338,Hotels/Resorts,2010
Trupe,36747878,6694060,Industrial Machinery/Components,1990
Linktype,4201666,242760,Computer Manufacturing,2010
Aivee,37423501,22524092,Real Estate Investment Trusts,2003
Browsezoom,78658392,86830707,EDP Services,1980
Aibox,25936786,44954899,n/a,1999
Yakidoo,79462119,7617292,Other Specialty Stores,1988
Ainyx,6004002,11624031,Precious Metals,2002
Dabfeed,95811318,47708877,Consumer Specialties,2000
Realpoint,48664509,53535226,Electric Utilities: Central,2001
Quinu,53820286,67149679,Broadcasting,2010
Fiveclub,56049107,913873,Investment Managers,1992
Fiveclub,14509248,18187631,Marine Transportation,2006
Oyonder,66263419,10539749,Broadcasting,1999
Livetube,33226835,2568636,Specialty Insurers,1997
Ainyx,40745468,89415873,n/a,2007
Thoughtmix,13756637,86015925,n/a,1995
Devshare,68809998,44608338,EDP Services,2006
Mydeo,65417817,54068750,Paper,2010
Jayo,12132897,70822585,Oilfield Services/Equipment,2006
Flashdog,7248727,75063583,Major Pharmaceuticals,1996
Photobug,60398430,80902293,"Computer Software: Programming, Data Processing",2008
Tavu,41088800,87044898,n/a,1998
Twimbo,39027368,89853535,Trucking Freight/Courier Services,1995
Twiyo,10069083,85832279,Other Specialty Stores,2009
Kwideo,18670295,7322448,n/a,2005
Omba,34020381,21043759,Semiconductors,2010
Geba,52160245,44421007,Ordnance And Accessories,2000
Thoughtstorm,32635366,6945773,n/a,1991
Buzzbean,88961224,58361147,n/a,2000
Agivu,36605302,26427150,Finance: Consumer Services,2001
Digitube,64918300,27912797,Motor Vehicles,2006
Bluejam,83076735,53963727,Auto Manufacturing,1995
Latz,69598707,15606513,Major Banks,2006
Jetpulse,5133089,95956213,n/a,1997
Skyble,81616534,71991378,n/a,2003
Ntag,35949859,55073585,n/a,1993
Livetube,47011075,33912597,Auto Manufacturing,2005
Shufflester,17462059,79146097,Radio And Television Broadcasting And Communications Equipment,2008
Wikizz,13330723,32444306,Major Pharmaceuticals,2006
Skyba,86785533,450098,Electronic Components,1983
Thoughtblab,38535788,90119235,Ordnance And Accessories,2009
Pixope,70274364,82304801,Medical/Dental Instruments,2005
Jaxbean,18840391,23744966,Major Banks,1996
Dabshots,18427778,42522266,n/a,1997
Leexo,77945746,69790160,Marine Transportation,2005
Brainverse,90101410,2506248,Real Estate,2000
Zoonoodle,47128615,97466938,Real Estate Investment Trusts,1998
Youspan,12358258,70072693,Auto Manufacturing,2002
Thoughtmix,75563835,86931641,n/a,1993
Oyonder,87525442,52118181,n/a,1998
Eazzy,62431726,31385362,Business Services,1991
Flashpoint,92449428,99566176,n/a,2012
Jaxbean,14926100,99142378,Retail: Computer Software & Peripheral Equipment,1990
Riffpath,54433506,98719507,Commercial Banks,1999
Ntags,13326311,4165775,Industrial Machinery/Components,1994
Vidoo,4465323,61828250,Medical/Dental Instruments,1991
Twitterworks,31860355,64680452,Aluminum,1993
Voolia,72999190,46009825,n/a,1992
Ainyx,51221692,70469953,Major Banks,2010
Skalith,7132406,16668117,Radio And Television Broadcasting And Communications Equipment,2001
Pixonyx,91603010,27906769,Clothing/Shoe/Accessory Stores,2006
Kwinu,52693066,87646267,Semiconductors,2010
Jabbertype,39163948,8199601,Television Services,2013
Livefish,98519834,52977801,Medical Specialities,1992
Riffpedia,551416,38308973,n/a,2008
Rhyloo,30112613,7136993,n/a,2007
Voonyx,34440983,71043183,Services-Misc. Amusement & Recreation,2008
Kamba,50213246,34835269,n/a,2009
Meembee,23841898,28251727,Medical/Dental Instruments,1999
Yakijo,62896377,59929261,Major Pharmaceuticals,2003
Blogtags,58577987,62775248,n/a,1997
Quatz,50696093,61730955,Computer Software: Prepackaged Software,1998
Jabbersphere,33288361,64211533,Major Pharmaceuticals,1994
Yoveo,58263282,45896201,Industrial Machinery/Components,1994
Edgepulse,91856598,53375369,n/a,2011
Thoughtmix,28225190,64669177,n/a,1994
Realcube,531100,53799051,Major Pharmaceuticals,2004
Brightbean,16085143,81071348,Industrial Machinery/Components,2006
Babblestorm,6693232,33353333,Home Furnishings,1989
Yadel,38413233,87833531,Industrial Machinery/Components,1985
Myworks,58960354,55306388,Air Freight/Delivery Services,2008
Meemm,45694527,35057905,Hospital/Nursing Management,1996
Gabvine,82087226,69402893,n/a,2008
Youbridge,45766318,62011054,Apparel,2004
Tagopia,50642373,45467098,Electrical Products,1988
Voomm,75012238,93374777,n/a,2004
Tagcat,76079918,3383779,"Computer Software: Programming, Data Processing",2008
Rhyloo,97694217,11174231,Real Estate,2002
Thoughtstorm,59284185,29472870,Fluid Controls,1989
Voomm,36704383,3645350,Real Estate,1992
Devify,65308062,35718535,Major Pharmaceuticals,2006
Wikibox,61922172,67704972,Investment Managers,2001
Rhyloo,64132627,43110939,Savings Institutions,1995
Rhynoodle,41201118,35135579,Railroads,2007
Fadeo,73336811,30557830,Telecommunications Equipment,1993
Eimbee,10760496,16528530,Property-Casualty Insurers,1999
Ozu,77341116,95157564,Specialty Chemicals,2006
Dynabox,25548566,51134471,Major Banks,2003
Thoughtbeat,40971194,79115850,Major Banks,2009
Wordpedia,7919268,74618459,Commercial Banks,1996
Divavu,40969399,13185161,n/a,1988
Miboo,11183182,45117147,n/a,2005
Skinte,91492540,47447759,Major Pharmaceuticals,2007
Chatterpoint,72203513,41430253,Business Services,2005
Minyx,49863060,90257231,Major Pharmaceuticals,1990
Photobug,27302245,84593789,Real Estate Investment Trusts,2010
Livepath,81972108,5238332,Investment Managers,1996
Livetube,74772490,86577361,Real Estate,1993
Blogtags,54489327,72507043,Plastic Products,2001
Skinder,28374464,90294760,n/a,2008
Zava,91739138,67809022,Marine Transportation,1998
Eamia,42439488,49481724,n/a,2012
Dynava,61194547,54316864,EDP Services,2011
Jabbersphere,56498734,98196681,Major Banks,2004
Jayo,62615979,77231837,Metal Fabrications,2012
Twinte,81876550,36215110,Major Pharmaceuticals,2003
Oyope,17794750,61160342,Major Banks,2004
Zooveo,39115453,22180016,Oil & Gas Production,2006
Quire,10378474,46590149,n/a,2001
Chatterbridge,96810207,69444170,Major Banks,2004
Quatz,51923641,31914887,Oil & Gas Production,2007
Aimbu,51339880,47658373,Electronic Components,1998
Topicware,54231918,90653839,Industrial Machinery/Components,2003
Wikido,45435524,76883244,n/a,1991
Dabfeed,25045001,23007941,Major Pharmaceuticals,1995
Cogibox,94022277,62957043,Air Freight/Delivery Services,2005
Twitterwire,35603306,45174334,Banks,1992
Flashdog,35804588,29618981,Power Generation,2001
Tanoodle,48351513,29267631,n/a,2004
Flipbug,21651813,15817813,Oil & Gas Production,1996
Zoomzone,55932938,81342104,Industrial Machinery/Components,2011
Myworks,5855536,24842656,Major Pharmaceuticals,2011
Gabvine,26984098,91632975,Consumer Electronics/Appliances,1993
Kimia,69654555,94520475,Investment Managers,2011
Centidel,57247065,62554999,Other Consumer Services,2011
Tagopia,80074298,18344829,Tobacco,1996
Voolith,67765122,40227524,n/a,1991
Topicblab,16674943,38050517,Radio And Television Broadcasting And Communications Equipment,1993
Edgewire,40228564,68675021,n/a,2003
Eire,75053327,92569369,Oil & Gas Production,1993
Fadeo,28478100,27502010,Home Furnishings,1997
Fivebridge,25048875,64660772,n/a,2004
Livepath,1325415,99340101,n/a,2008
Wikizz,96844215,21013390,n/a,2002
Feedbug,10126690,31610599,n/a,1994
Innotype,80935569,47610520,n/a,2008
Linkbuzz,95003540,40798104,Major Banks,2012
Cogibox,11988008,16017585,Real Estate Investment Trusts,2002
Youfeed,4350838,56604320,Major Pharmaceuticals,2008
Zoozzy,55988697,88095634,Industrial Machinery/Components,1985
Gigashots,7660660,29792277,Real Estate Investment Trusts,2011
Yombu,42931336,99537899,Auto Parts:O.E.M.,2006
Gevee,79673688,70067660,Advertising,1998
Camimbo,51680891,34731998,Apparel,1993
Mynte,74971237,39669638,Hospital/Nursing Management,2012
Aibox,93758751,6847770,Finance: Consumer Services,1999
